{
    "mary": {
        "cmu-bdl-hsmm": {
            "-75%": [2.851133, 0.203609],
            "-74%": [3.030081, 0.221161],
            "-73%": [3.031476, 0.221257],
            "-72%": [3.035933, 0.220843],
            "-71%": [3.036177, 0.220545],
            "-70%": [3.037666, 0.220932],
            "-69%": [3.080170, 0.222578],
            "-68%": [3.090056, 0.222403],
            "-67%": [3.090383, 0.222372],
            "-66%": [3.090383, 0.222372],
            "-65%": [3.092020, 0.222559],
            "-64%": [3.114723, 0.223824],
            "-63%": [3.115048, 0.223654],
            "-62%": [3.191349, 0.229464],
            "-61%": [3.196611, 0.229118],
            "-60%": [3.196867, 0.229237],
            "-59%": [3.199655, 0.228964],
            "-58%": [3.224302, 0.231935],
            "-57%": [3.225443, 0.232268],
            "-56%": [3.234687, 0.232501],
            "-55%": [3.234861, 0.232570],
            "-54%": [3.241285, 0.232777],
            "-53%": [3.241523, 0.232849],
            "-52%": [3.241628, 0.232731],
            "-51%": [3.241664, 0.232725],
            "-50%": [3.241664, 0.232725],
            "-49%": [3.645393, 0.270063],
            "-48%": [3.645416, 0.270057],
            "-47%": [3.645532, 0.269933],
            "-46%": [3.645892, 0.269935],
            "-45%": [3.647898, 0.270288],
            "-44%": [3.655007, 0.270426],
            "-43%": [3.666758, 0.271138],
            "-42%": [3.668327, 0.271548],
            "-41%": [3.700665, 0.274169],
            "-40%": [3.703940, 0.275208],
            "-39%": [3.704364, 0.275111],
            "-38%": [3.711153, 0.274824],
            "-37%": [3.820059, 0.283411],
            "-36%": [3.820463, 0.283447],
            "-35%": [3.848022, 0.284132],
            "-34%": [3.857534, 0.285144],
            "-33%": [3.857613, 0.285191],
            "-32%": [3.858188, 0.285331],
            "-31%": [3.874144, 0.285752],
            "-30%": [3.874144, 0.285752],
            "-29%": [3.945926, 0.288526],
            "-28%": [3.946309, 0.288304],
            "-27%": [3.953663, 0.288089],
            "-26%": [3.955940, 0.288396],
            "-25%": [3.955916, 0.288383],
            "-24%": [4.308850, 0.322991],
            "-23%": [4.309547, 0.322906],
            "-22%": [4.314325, 0.322599],
            "-21%": [4.349409, 0.324969],
            "-20%": [4.352339, 0.324965],
            "-19%": [4.354856, 0.325247],
            "-18%": [4.370900, 0.326378],
            "-17%": [4.371498, 0.326403],
            "-16%": [4.663080, 0.346056],
            "-15%": [4.663198, 0.346063],
            "-14%": [4.673713, 0.345380],
            "-13%": [4.679595, 0.346374],
            "-12%": [4.854183, 0.361823],
            "-11%": [4.857473, 0.362628],
            "-10%": [4.858027, 0.362640],
            "-9%": [4.967066, 0.364165],
            "-8%": [5.026167, 0.370986],
            "-7%": [5.073928, 0.372762],
            "-6%": [5.096134, 0.373595],
            "-5%": [5.109448, 0.373135],
            "-4%": [5.131178, 0.374530],
            "-3%": [5.137247, 0.375272],
            "-2%": [5.137964, 0.374357],
            "-1%": [5.138028, 0.374355],
            "+0%": [5.138028, 0.374355],
            "+1%": [5.138028, 0.374355],
            "+2%": [5.138164, 0.374332],
            "+3%": [5.138715, 0.373775],
            "+4%": [5.143534, 0.374953],
            "+5%": [5.154082, 0.374772],
            "+6%": [5.179612, 0.374996],
            "+7%": [5.202741, 0.377470],
            "+8%": [5.254318, 0.378554],
            "+9%": [5.320839, 0.385070],
            "+10%": [5.321008, 0.385045],
            "+11%": [5.452619, 0.389592],
            "+12%": [5.456147, 0.389874],
            "+13%": [5.694697, 0.408530],
            "+14%": [5.703106, 0.409956],
            "+15%": [5.703106, 0.409956],
            "+16%": [5.718823, 0.408861],
            "+17%": [6.227666, 0.441772],
            "+18%": [6.228531, 0.441790],
            "+19%": [6.262978, 0.441949],
            "+20%": [6.268297, 0.442299],
            "+21%": [6.273970, 0.442529],
            "+22%": [6.348350, 0.444237],
            "+23%": [6.357779, 0.444709],
            "+24%": [6.359094, 0.445138],
            "+25%": [6.359094, 0.445138],
            "+26%": [7.326060, 0.536918],
            "+27%": [7.333413, 0.539853],
            "+28%": [7.361189, 0.535896],
            "+29%": [7.362043, 0.535763],
            "+30%": [7.368773, 0.537031],
            "+31%": [7.620133, 0.543324],
            "+32%": [7.686589, 0.545937],
            "+33%": [7.688153, 0.546328],
            "+34%": [7.688153, 0.546328],
            "+35%": [7.696789, 0.547359],
            "+36%": [7.839216, 0.554891],
            "+37%": [7.840878, 0.554804],
            "+38%": [8.336129, 0.589353]
        },
        "cmu-rms-hsmm": {
            "-38%": [2.998189, 0.220528],
            "-37%": [3.086709, 0.227633],
            "-36%": [3.088012, 0.227682],
            "-35%": [3.109372, 0.228832],
            "-34%": [3.119421, 0.229454],
            "-33%": [3.119421, 0.229454],
            "-32%": [3.120788, 0.229369],
            "-31%": [3.142958, 0.230251],
            "-30%": [3.143447, 0.230271],
            "-29%": [3.210329, 0.232323],
            "-28%": [3.210799, 0.232246],
            "-27%": [3.223153, 0.233955],
            "-26%": [3.226907, 0.233507],
            "-25%": [3.226907, 0.233507],
            "-24%": [3.452407, 0.257720],
            "-23%": [3.454111, 0.257955],
            "-22%": [3.461623, 0.257662],
            "-21%": [3.487941, 0.259803],
            "-20%": [3.493677, 0.259109],
            "-19%": [3.497388, 0.258738],
            "-18%": [3.517103, 0.260852],
            "-17%": [3.518316, 0.260606],
            "-16%": [3.720490, 0.280739],
            "-15%": [3.721056, 0.280650],
            "-14%": [3.731359, 0.280984],
            "-13%": [3.741052, 0.280895],
            "-12%": [3.879897, 0.292811],
            "-11%": [3.883316, 0.293061],
            "-10%": [3.885886, 0.293133],
            "-9%": [3.981417, 0.295908],
            "-8%": [4.048128, 0.299941],
            "-7%": [4.084176, 0.302648],
            "-6%": [4.111547, 0.304430],
            "-5%": [4.131796, 0.306725],
            "-4%": [4.161159, 0.307120],
            "-3%": [4.170560, 0.307144],
            "-2%": [4.172087, 0.306621],
            "-1%": [4.172087, 0.306621],
            "+0%": [4.172087, 0.306621],
            "+1%": [4.172087, 0.306621],
            "+2%": [4.172087, 0.306621],
            "+3%": [4.174427, 0.305965],
            "+4%": [4.183908, 0.306576],
            "+5%": [4.201797, 0.305149],
            "+6%": [4.235868, 0.308238],
            "+7%": [4.264424, 0.309967],
            "+8%": [4.304990, 0.314087],
            "+9%": [4.383366, 0.317587],
            "+10%": [4.383970, 0.317302],
            "+11%": [4.509669, 0.322605],
            "+12%": [4.514885, 0.322606],
            "+13%": [4.718838, 0.337072],
            "+14%": [4.733275, 0.336843],
            "+15%": [4.734381, 0.336569],
            "+16%": [4.750978, 0.336602],
            "+17%": [5.126496, 0.373437],
            "+18%": [5.129726, 0.373804],
            "+19%": [5.171912, 0.376102],
            "+20%": [5.179642, 0.376522],
            "+21%": [5.191732, 0.374705],
            "+22%": [5.252059, 0.380146],
            "+23%": [5.268912, 0.379138],
            "+24%": [5.273799, 0.378749],
            "+25%": [5.273799, 0.378749],
            "+26%": [5.904775, 0.447348],
            "+27%": [5.915465, 0.445257],
            "+28%": [5.957530, 0.451233],
            "+29%": [5.959641, 0.451106],
            "+30%": [5.974245, 0.450360],
            "+31%": [6.207020, 0.459646],
            "+32%": [6.292267, 0.463276],
            "+33%": [6.298588, 0.464310],
            "+34%": [6.298588, 0.464310],
            "+35%": [6.312539, 0.461183],
            "+36%": [6.428617, 0.470893],