{"FESTIVAL": {"-30%": [3.325533, 0.223047], "-29%": [3.368856, 0.224792], "-28%": [3.409367, 0.225683], "-27%": [3.456973, 0.235826], "-26%": [3.495472, 0.233284], "-25%": [3.537822, 0.237404], "-24%": [3.576299, 0.231655], "-23%": [3.616166, 0.234923], "-22%": [3.662342, 0.237783], "-21%": [3.703818, 0.242103], "-20%": [3.746182, 0.248888], "-19%": [3.787193, 0.245641], "-18%": [3.826868, 0.252518], "-17%": [3.869058, 0.254784], "-16%": [3.912798, 0.259797], "-15%": [3.959289, 0.264616], "-14%": [3.998869, 0.265640], "-13%": [4.043364, 0.269455], "-12%": [4.088174, 0.271379], "-11%": [4.130097, 0.274837], "-10%": [4.169598, 0.276478], "-9%": [4.211012, 0.283262], "-8%": [4.251393, 0.281615], "-7%": [4.294425, 0.288694], "-6%": [4.338101, 0.290281], "-5%": [4.380062, 0.289103], "-4%": [4.425812, 0.301169], "-3%": [4.466280, 0.298633], "-2%": [4.507732, 0.301455], "-1%": [4.549018, 0.303139], "+0%": [4.595609, 0.308184], "+1%": [4.636301, 0.308448], "+2%": [4.683955, 0.314649], "+3%": [4.719089, 0.320820], "+4%": [4.771474, 0.325665], "+5%": [4.805629, 0.323388], "+6%": [4.853586, 0.326310], "+9%": [4.975994216070227, 0.3328761297098047], "+16%": [5.275474728643187, 0.3567035639134468], "+7%": [4.893021387397726, 0.3272178051693536], "+8%": [4.936484880678692, 0.33303258719939904], "+25%": [5.658919067117775, 0.37946659721692366], "+10%": [5.022333600487816, 0.33773948080606286], "+27%": [5.74740314727921, 0.38749589404572105], "+13%": [5.1507289845325435, 0.3535765269148144], "+12%": [5.106315276389248, 0.3510979642504531], "+14%": [5.1895476718567615, 0.35480097616221773], "+26%": [5.702938780452089, 0.3834991420452163], "+28%": [5.790614364460732, 0.39141954790742645], "+23%": [5.571971081726693, 0.3723742254339684], "+29%": [5.828432631698288, 0.39547931563184574], "+20%": [5.4421353882237495, 0.3701930726511362], "+15%": [5.230854740870131, 0.35631290912389846], "+30%": [5.870229244708401, 0.38734526141257714], "+11%": [5.064250977419869, 0.3403435805341568], "+21%": [5.4870041897323, 0.36942626702120945], "+24%": [5.618623757324886, 0.37457309319496096], "+22%": [5.528781408638302, 0.3729983871155157], "+18%": [5.35760359320221, 0.3640860844159519], "+17%": [5.318917794236098, 0.3638745113867894], "+19%": [5.404872415392092, 0.3681045959517276]}}
