{"FESTIVAL": {"+9%": [4.950473294202393, 0.34344832177033713], "+2%": [4.64943341235396, 0.3299774938437448], "-2%": [4.478219100495276, 0.3098468308853258], "+20%": [5.415771505793541, 0.38521175117477047], "+4%": [4.734428492922651, 0.33773721803612294], "+18%": [5.3356165741785855, 0.3832571181846543], "-21%": [3.661776591609386, 0.25512855691580477], "+5%": [4.780914383986638, 0.33167915441767665], "-30%": [3.261557523016533, 0.23160170249681608], "+28%": [5.753383168873803, 0.4097445513377254], "+15%": [5.207918015673073, 0.37273217701759304], "+10%": [4.9946724120945545, 0.3567907315624389], "-6%": [4.305512945437711, 0.3023455716632748], "+29%": [5.801170402693954, 0.41796775469363695], "-13%": [4.0035133734418755, 0.2760599275264657], "-15%": [3.913960972165052, 0.27656418678144923], "-23%": [3.5694989186097463, 0.2564141282967259], "+16%": [5.243561414537741, 0.37253750288475856], "-10%": [4.129735330190578, 0.29230210890853087], "-29%": [3.309365313520465, 0.23087250079358462], "+30%": [5.838018734094887, 0.41704433101229654], "-27%": [3.39716972044038, 0.2389184365618383], "-7%": [4.259852829523493, 0.30071593060716845], "-9%": [4.174171587648362, 0.2953148417649879], "-11%": [4.095212491887175, 0.2876964111250197], "-1%": [4.5209152404821085, 0.31555118928658277], "+17%": [5.288757456110272, 0.3746778895409311], "-28%": [3.352667173546343, 0.23577300315432198], "-4%": [4.3921489879527424, 0.3071462375218111], "+0%": [4.564428932531637, 0.3227361467628472], "-5%": [4.346797727446616, 0.3038920840150641], "+22%": [5.502817854229261, 0.39443677989570475], "+7%": [4.8644871951182465, 0.3433709659177071], "+6%": [4.8259440690421345, 0.3327884653741144], "+23%": [5.544470379367211, 0.39348003286552824], "+27%": [5.716999507940817, 0.4068913444939844], "+25%": [5.627708655442312, 0.3941821884017189], "-18%": [3.7856150471665257, 0.26696781883895015], "-25%": [3.4849765757721256, 0.24703891901376676], "+21%": [5.461444433521063, 0.3843140983548707], "+19%": [5.3776470567175485, 0.37895934143845594], "+13%": [5.124379404462227, 0.36163877144952045], "-8%": [4.219067165062468, 0.30324339783303894], "+1%": [4.603449994524876, 0.328103949516292], "-12%": [4.045397278718302, 0.28096539760621175], "+14%": [5.16073198224243, 0.3661079771698006], "-19%": [3.7476363302720035, 0.26142843042684366], "-17%": [3.828911757912989, 0.27057129475257147], "-22%": [3.6148842841105226, 0.2545956565678958], "-14%": [3.958928978960338, 0.2745672329474779], "-3%": [4.431575719389609, 0.3098150329086472], "-16%": [3.8750906056924905, 0.27390055803756347], "+11%": [5.037712624268925, 0.35875484828707893], "-24%": [3.526367312472273, 0.24899573458087682], "+8%": [4.906908632171475, 0.3441801455755649], "-26%": [3.4365867783211312, 0.24013636826482565], "+26%": [5.670077428649465, 0.405349049713977], "+24%": [5.586195839684325, 0.4001268949583267], "-20%": [3.7017506082733758, 0.26063240147237043], "+12%": [5.0849592260877845, 0.35554928157423754], "+3%": [4.690103461689193, 0.32967775694370577]}}