{"MARY": {"+18%": [5.328109893341053, 0.3843158825197145], "-2%": [4.402223202793634, 0.3163374358806447], "-20%": [3.7430549835864566, 0.2831409755642288], "-30%": [3.4626759850299584, 0.260856047413697], "-15%": [3.978391383208618, 0.295408024773105], "+19%": [5.37056624461509, 0.38309514050205645], "-29%": [3.466161951164341, 0.25950824232611436], "-11%": [4.11947420506501, 0.3031447760508027], "+0%": [4.402223202793634, 0.3163374358806447], "-26%": [3.478190566177852, 0.25626248967524085], "+9%": [4.612753061208309, 0.3274167446898669], "+23%": [5.46577946128721, 0.3864721220328478], "-9%": [4.2203111990503, 0.3108846092842135], "+13%": [4.93164565964836, 0.352840441641003], "+21%": [5.385807888341232, 0.37931427731906975], "-27%": [3.475246893628502, 0.25463763272338596], "-13%": [3.986360478043599, 0.29482585979360554], "+26%": [6.076958776987141, 0.4460347637261366], "+5%": [4.442475120443245, 0.31739887670306594], "+10%": [4.728228299728764, 0.33531712938939273], "-28%": [3.4683071547124333, 0.25957597346381156], "+24%": [5.466450428846173, 0.39063099733043155], "+11%": [4.732354913474028, 0.3348894222939019], "+2%": [4.402223202793634, 0.3163374358806447], "-14%": [3.9775947350057574, 0.29181580221189135], "-16%": [3.966474245040223, 0.29841628598262576], "-18%": [3.766621738888544, 0.28204414511522224], "-22%": [3.7119657736709977, 0.2822595539042651], "-10%": [4.12585369016786, 0.3034240929398918], "-23%": [3.7082699926045057, 0.2870747689035176], "+15%": [4.944129986338141, 0.3534425208356197], "+25%": [5.466450428846173, 0.39063099733043155], "-8%": [4.279092691975273, 0.3150177105037836], "-24%": [3.7048145173722364, 0.2830733199481326], "+17%": [5.321816234632797, 0.3819036017955372], "-25%": [3.478190566177852, 0.25626248967524085], "+27%": [6.081002939538369, 0.4437762288456585], "-4%": [4.390249181505109, 0.3212880181221277], "+22%": [5.450513826159269, 0.39112262745575055], "+8%": [4.53223695421827, 0.3235498178283969], "-5%": [4.376077543317175, 0.32026174970404786], "+30%": [6.360551125298859, 0.45285989944375393], "-21%": [3.7378791364895276, 0.2851233557850324], "+6%": [4.464620860473476, 0.32631177343802764], "-6%": [4.341922379802488, 0.3179560473646066], "+3%": [4.4039902302368, 0.3177399209654487], "-7%": [4.313751927380523, 0.3150174880419821], "-3%": [4.401226408500317, 0.3176952680841127], "+1%": [4.402223202793634, 0.3163374358806447], "+29%": [6.126048200213433, 0.4403193757161376], "+4%": [4.413664466225733, 0.3196225906462671], "+7%": [4.493899656825582, 0.3261797446656484], "+12%": [4.735871188089558, 0.33586650863940787], "-12%": [4.114818585114445, 0.30292069821352685], "+14%": [4.94609772572533, 0.3525209207599187], "+20%": [5.375195595119613, 0.3813585909368853], "-19%": [3.744013311279488, 0.2811845725050004], "+28%": [6.123843037752144, 0.44124537693517113], "+16%": [4.965131216548587, 0.3544034487867491], "-1%": [4.402223202793634, 0.3163374358806447], "-17%": [3.767466252650382, 0.28057281374725646]}}