{"MARY": {"-9%": [5.135808766291454, 0.3937345818508653], "+28%": [7.457262030056823, 0.5560253339561317], "+11%": [5.595429740429216, 0.426956898542455], "+26%": [7.413572808751882, 0.5530475404223955], "-19%": [4.598872020855791, 0.3541991177468061], "-25%": [4.1990316403973855, 0.30979934320192853], "+9%": [5.505968645538261, 0.40309657611921695], "-1%": [5.31732859259536, 0.3982121347079498], "+8%": [5.428176858183836, 0.4052701938518069], "-30%": [4.186855165371426, 0.31068199942748503], "+17%": [6.26422940636162, 0.4478114530673796], "+13%": [5.827615001387226, 0.40702911399208547], "-20%": [4.598031127581513, 0.35129879891556237], "-6%": [5.266527758393079, 0.38968966787440307], "-26%": [4.1990316403973855, 0.30979934320192853], "+15%": [5.843638486689802, 0.40726450104642514], "+30%": [7.898707969583194, 2.104984738268491], "-29%": [4.184893568580297, 0.3126288086968927], "-4%": [5.301708733417396, 0.3889168381928158], "+19%": [6.304424944267658, 0.4416184697605929], "+29%": [7.45769839600725, 0.5589299085300022], "+22%": [6.385008371205557, 0.4582482527950583], "-27%": [4.186065573703662, 0.31107832567953453], "+3%": [5.319641866074775, 0.39734805804322254], "-3%": [5.308677011584556, 0.39366841888354026], "-23%": [4.55169362251584, 0.36409941771746834], "-15%": [4.87820826174722, 0.37442050276480815], "-28%": [4.187551154568719, 0.31080590909430933], "-14%": [4.877020461798534, 0.3743137201875321], "-21%": [4.597424140331494, 0.35539594087060494], "-11%": [5.050651626320139, 0.39404077329191267], "+23%": [6.387821445066768, 0.4540915351982113], "+4%": [5.33347049689729, 0.39930963023971916], "-8%": [5.19963447578703, 0.41273174784133004], "-22%": [4.563889914562434, 0.360728847207534], "+7%": [5.378934076503226, 0.3959585576347573], "-13%": [4.887318796664214, 0.36989350370955226], "+25%": [6.38795768690883, 0.45549156027866694], "-17%": [4.621820987607963, 0.355178968727815], "+0%": [5.31732859259536, 0.3982121347079498], "-7%": [5.257855693547034, 0.39732733819534116], "+20%": [6.310154076539452, 0.450776330506023], "+6%": [5.360129039735835, 0.3912475592962045], "+21%": [6.308117344126049, 0.44934309072843154], "+10%": [5.589592416414094, 0.4239801551572418], "-5%": [5.293790247398665, 0.3930288263124735], "-24%": [4.551491906554128, 0.366643981394189], "+27%": [7.423305465885329, 0.5546562065793287], "+1%": [5.31732859259536, 0.3982121347079498], "-12%": [5.048352304208843, 0.39118956782781117], "+14%": [5.841388626985228, 0.40741778062473283], "+12%": [5.6113567803327795, 0.432795001088923], "+18%": [6.263054343379106, 0.4465602805930792], "+5%": [5.348514532497999, 0.3834757230750549], "+16%": [5.8536387019669425, 0.4058847024395182], "-18%": [4.622980895150042, 0.3539901514080779], "-16%": [4.870660836292279, 0.36989869479167314], "+24%": [6.38795768690883, 0.45549156027866694], "+2%": [5.31732859259536, 0.3982121347079498], "-2%": [5.31732859259536, 0.3982121347079498], "-10%": [5.051362463810469, 0.38588891370868117]}}