{"FESTIVAL": {"-13%": [4.086264287825052, 0.3145941777998141], "+16%": [5.333816806877828, 0.4129016548060015], "-28%": [3.4191058503021243, 0.2628097321074403], "-23%": [3.640539235315296, 0.2775478103733098], "+15%": [5.2980651006706765, 0.41318291579822414], "+21%": [5.543970619187944, 0.42729875930633104], "-16%": [3.9575089133664103, 0.3028030793693274], "+14%": [5.2506716230327655, 0.41130930507443264], "-2%": [4.568612806102007, 0.3549086289344603], "+17%": [5.3786442924639815, 0.42015474721780743], "-15%": [4.002814321800152, 0.30768590990378386], "-30%": [3.3277705287436845, 0.2542875459593827], "+12%": [5.175372535972941, 0.40183613645275135], "-4%": [4.4774921672949395, 0.34144275817489117], "-29%": [3.3711292022808435, 0.2554946257316327], "+26%": [5.744471263605611, 0.455717639172876], "-8%": [4.308547465743444, 0.33198409260656514], "+23%": [5.622265924711973, 0.4483191234471064], "-7%": [4.352220779971613, 0.33210615350628153], "-20%": [3.7793816597228096, 0.28956335734937655], "+10%": [5.088438571512788, 0.3985176713993009], "+13%": [5.210657803153043, 0.40413968691140556], "+24%": [5.659628807209946, 0.4468682253559341], "+18%": [5.414773143477414, 0.4206574114019886], "+9%": [5.044965675436801, 0.3975161228183808], "+20%": [5.505621596031193, 0.4300833241781182], "-22%": [3.684412502743941, 0.2815634420159685], "-3%": [4.524377476847556, 0.3442891161776638], "+8%": [4.998899815961076, 0.39195713635421936], "-27%": [3.4631698956369075, 0.27231407506283223], "-1%": [4.616979846474214, 0.35075544202911296], "-26%": [3.508174501916191, 0.26604252728661115], "+25%": [5.704475037305801, 0.4510197329679362], "-5%": [4.424379380120193, 0.33510968715689077], "+2%": [4.751864204958495, 0.3628300469884947], "+4%": [4.834526015652046, 0.3700471833397424], "-6%": [4.390768533996578, 0.3327959539726361], "+5%": [4.876073721520414, 0.37368874054784024], "+3%": [4.789414331044103, 0.36297347664233515], "+11%": [5.1261201367513785, 0.39753928090061225], "+19%": [5.462883263600188, 0.42156005606974073], "-25%": [3.5518126895311832, 0.2746254873218145], "+1%": [4.70033142379567, 0.3587367356649108], "-14%": [4.047617418645675, 0.3104445127709776], "-11%": [4.175496420048064, 0.3212329620241412], "-9%": [4.261264041913237, 0.3282736661475133], "+7%": [4.956472037529481, 0.3873586995944695], "-12%": [4.1283386092627525, 0.32384086179856775], "+22%": [5.586213963488421, 0.4313785338916642], "+28%": [5.826234813052085, 0.45208782364652755], "-21%": [3.731922371649137, 0.2861872043811208], "+0%": [4.656635030434077, 0.3598624092355378], "+29%": [5.871599841961415, 0.4551045844030929], "-17%": [3.912090085906696, 0.3002603333530584], "-10%": [4.217428094808028, 0.32642382003410986], "+6%": [4.912617009986513, 0.38570678934613767], "+30%": [5.910951018908022, 0.46378043301387084], "-19%": [3.824335843111082, 0.29218166135156337], "+27%": [5.797260464920567, 0.44891265408238223], "-18%": [3.8691421877774115, 0.2986106688551113], "-24%": [3.599725805613088, 0.27575446022258915]}}