{"FESTIVAL": {"-30%": [3.514314364490252, 0.2569105063322481], "-23%": [3.8315415711208116, 0.2797242621585455], "+5%": [5.114797826573419, 0.4008137659178106], "-5%": [4.654427040354012, 0.358809654795901], "+7%": [5.201047301723486, 0.4029195129303707], "+15%": [5.545933581425435, 0.4524513196935728], "+14%": [5.505443775330216, 0.44704308392660075], "-27%": [3.6557577651042874, 0.2673495927024858], "+8%": [5.2494873369752035, 0.4108569120239051], "-10%": [4.430817604685604, 0.33842814692224216], "+1%": [4.937035691921883, 0.3770727426000221], "-25%": [3.739414601081188, 0.27329188756294365], "-17%": [4.111947257647132, 0.3120814504392938], "+10%": [5.336920077118037, 0.4213641979947323], "+4%": [5.063997235302257, 0.39626332008435355], "+30%": [6.232865450616699, 0.5107480269241332], "-8%": [4.5224022429718715, 0.34020965865595837], "-21%": [3.931659515446209, 0.3020087640055516], "+3%": [5.022470820325819, 0.3910639266625771], "+29%": [6.174936824055646, 0.5005741569799866], "+12%": [5.418216668337056, 0.43497856805817225], "-4%": [4.70519722091534, 0.3507987216074979], "-3%": [4.750095330636091, 0.35210706891965904], "-2%": [4.789875347524964, 0.3606330564150302], "+21%": [5.823828636277279, 0.48127173861637546], "+22%": [5.865523485708861, 0.4800010828692598], "-14%": [4.241248172435896, 0.31237522836488646], "-22%": [3.8821970116216558, 0.2893307888606379], "+19%": [5.7354354778177425, 0.4791527716203647], "-19%": [4.01663912583724, 0.30449104326345827], "-29%": [3.5620286857750845, 0.2631566527639264], "+24%": [5.949324790176766, 0.4919117823513572], "-15%": [4.195410594335208, 0.31267372287478673], "-20%": [3.973349035687584, 0.2933907066599736], "+18%": [5.673589517594678, 0.4708031007360987], "+28%": [6.12461160084763, 0.5141704181328725], "+2%": [4.97301603167415, 0.3758492311981484], "+9%": [5.2949380758810936, 0.4209101198376563], "-28%": [3.6133986715696738, 0.26775010004074495], "-9%": [4.4766562396254805, 0.3445956638089755], "-12%": [4.345978299491939, 0.3247489271534287], "-24%": [3.7864829433903235, 0.27595606966917147], "+23%": [5.892167692942105, 0.48159294085505067], "-7%": [4.565336049331837, 0.3492193235994127], "+26%": [6.023716181740027, 0.4994474138222081], "-18%": [4.059062700110499, 0.30282019262155413], "+16%": [5.584163593295671, 0.4614831644919264], "+11%": [5.377733215818132, 0.422713383562051], "-11%": [4.3915975497648025, 0.3354223290935483], "+0%": [4.886999821146109, 0.3674809045559444], "+20%": [5.779698108881355, 0.4797362835092994], "-16%": [4.158458614235603, 0.3150585615821779], "+25%": [5.9886065221838605, 0.49900760267150224], "-1%": [4.8356472141493025, 0.36364470859977666], "-6%": [4.617331069628325, 0.34839219204458366], "-26%": [3.6971523848536827, 0.2755386567180757], "+13%": [5.461703588492525, 0.44986890669016144], "+27%": [6.081607918936157, 0.5115789789005123], "-13%": [4.289867239223628, 0.3176715689560264], "+6%": [5.161101800932851, 0.3989922166835369], "+17%": [5.6398952814753365, 0.47115746233910016]}}