{"MARY": {"+18%": [6.415270277909687, 0.41649376209976113], "-2%": [5.401428663403419, 0.3672411536567379], "-20%": [4.65894512303923, 0.3238435596173573], "-30%": [4.261258990706526, 0.2822878517508121], "-15%": [4.966121371811478, 0.341491932150226], "+19%": [6.445764378134915, 0.42126733445149617], "-29%": [4.266075830599423, 0.2804962932413426], "-11%": [5.148148671515065, 0.3575365131825098], "+0%": [5.401293347490723, 0.3673834872121805], "-26%": [4.272259992589332, 0.28147126013408524], "+9%": [5.583693815735633, 0.371754214385562], "+23%": [6.52754796210719, 0.4316350668537694], "-9%": [5.234632222306399, 0.3560705871939977], "+13%": [5.926539221007225, 0.3870197940857202], "+21%": [6.448905889110178, 0.41889055452268337], "-27%": [4.267410896836269, 0.2845052082152822], "-13%": [4.97190778306172, 0.3437023915554441], "+26%": [7.453077462986411, 0.5261687675847383], "+5%": [5.434055785221298, 0.3710742467122415], "+10%": [5.699804475653179, 0.3703165316739544], "-28%": [4.267525633254233, 0.2812134926924161], "+24%": [6.531670896340666, 0.43093151514205924], "+11%": [5.700111894832701, 0.36776981569282363], "+2%": [5.401575696887396, 0.36732476337896464], "-14%": [4.966121371811478, 0.341491932150226], "-16%": [4.957519820597743, 0.34346229187503025], "-18%": [4.677413330740635, 0.3224131452661061], "-22%": [4.626307302646144, 0.32279220989837654], "-10%": [5.148663112970568, 0.35571603144526753], "-23%": [4.618845906103233, 0.32293935538282825], "+15%": [5.929764545038897, 0.3944235958063534], "+25%": [6.531670896340666, 0.43093151514205924], "-8%": [5.298208364121427, 0.37155943070044667], "-24%": [4.619774307717691, 0.32149941895503314], "+17%": [6.411135739936234, 0.41989159841735163], "-25%": [4.272259992589332, 0.28147126013408524], "+27%": [7.452725809509703, 0.5190928245660441], "-4%": [5.398907059535882, 0.36171180274332215], "+22%": [6.524294756851867, 0.4256913246442854], "+8%": [5.51095738155795, 0.3639588518206389], "-5%": [5.393340690366824, 0.36499862113081355], "+30%": [7.73220293955638, 0.526972302086039], "-21%": [4.653378407846048, 0.32258919048920126], "+6%": [5.444211614748951, 0.36903096652315975], "-6%": [5.3621128505407265, 0.364275416744498], "+3%": [5.404471330013494, 0.3647641999422264], "-7%": [5.347148377994204, 0.3674762485857954], "-3%": [5.403264540061631, 0.366077353110846], "+1%": [5.401293347490723, 0.3673834872121805], "+29%": [7.473957119028445, 0.5242890986539279], "+4%": [5.412320689470826, 0.3629877827179285], "+7%": [5.461531684123792, 0.36616721993323004], "+12%": [5.700058186944402, 0.37865580941352717], "-12%": [5.136343234044582, 0.35255118008994346], "+14%": [5.929764545038897, 0.3944235958063534], "+20%": [6.453422776200155, 0.41877066105419264], "-19%": [4.661727189905691, 0.32311872083924015], "+28%": [7.474764658720846, 0.5261845277585716], "+16%": [5.942105368295518, 0.3837333789504066], "-1%": [5.401293347490723, 0.3673834872121805], "-17%": [4.67849111268324, 0.3239718366328632]}}