{"FESTIVAL": {"-13%": [3.896270322411458, 0.26394513766063454], "+16%": [5.069505935098791, 0.3416681887537186], "-28%": [3.288896599584567, 0.22501513885705315], "-23%": [3.4952397609261694, 0.24358237534177002], "+15%": [5.028936068639811, 0.3455472832156646], "+21%": [5.279922769238162, 0.35960163012038254], "-16%": [3.7734951470662548, 0.25747024412919595], "+14%": [4.987472320787779, 0.3397805720798689], "-2%": [4.340233455511378, 0.2898971995099198], "+17%": [5.109883093263477, 0.34657351206626774], "-15%": [3.81510876618043, 0.26033318250939097], "-30%": [3.208289614775916, 0.2244819411484595], "+12%": [4.90271138268833, 0.3289115663070573], "-4%": [4.258817459118409, 0.2913381070778941], "-29%": [3.247642196192989, 0.22576472730766742], "+26%": [5.474747320190464, 0.36931140238582144], "-8%": [4.097613439428937, 0.27875488216410377], "+23%": [5.356674581147401, 0.366532252505982], "-7%": [4.141037445728035, 0.28185663595327914], "-20%": [3.611106750620121, 0.2477677252876839], "+10%": [4.820759391607655, 0.3211640162874415], "+13%": [4.9441626824249045, 0.3383933787163981], "+24%": [5.394981971091474, 0.3621144451882256], "+18%": [5.147868557433151, 0.3538139339277799], "+9%": [4.785766905833941, 0.3221272916511807], "+20%": [5.234468836060443, 0.35862247432231764], "-22%": [3.534406589089578, 0.2414844048437736], "-3%": [4.2977065248539335, 0.28604520073187345], "+8%": [4.741995786169818, 0.3198203149507198], "-27%": [3.3309764479894004, 0.22784732949576647], "-1%": [4.379651432929796, 0.29724034010338596], "-26%": [3.3704107737887683, 0.23432832694341185], "+25%": [5.435712221773827, 0.36777793731251673], "-5%": [4.215219979230385, 0.287252602542104], "+2%": [4.499146211730707, 0.3027634142212348], "+4%": [4.5806665324927085, 0.31394590847589626], "-6%": [4.180811043199973, 0.28559458824485995], "+5%": [4.623268782819814, 0.3175748994227034], "+3%": [4.53745465475329, 0.3084627987976904], "+11%": [4.866265206894176, 0.32433612986307214], "+19%": [5.1969214741438154, 0.35680124185470313], "-25%": [3.410212183633389, 0.230692817851416], "+1%": [4.4588423936842165, 0.30240176107226213], "-14%": [3.855505107505083, 0.2572871322024691], "-11%": [3.9768437739298457, 0.2698682853284142], "-9%": [4.0547576622221495, 0.27704585691819883], "+7%": [4.7006862653657615, 0.31812840215282506], "-12%": [3.9368258453511196, 0.26686472185545573], "+22%": [5.309998894599427, 0.3573666830463051], "+28%": [5.562052471924162, 0.3771409005227087], "-21%": [3.573324392517946, 0.24133045157419683], "+0%": [4.41830847577189, 0.2975310343410821], "+29%": [5.603395995708992, 0.37460841126066047], "-17%": [3.7330931802890692, 0.2572134129632759], "-10%": [4.020600073574733, 0.2772618235716635], "+6%": [4.663077249626644, 0.31590545599854847], "+30%": [5.647796030589552, 0.381591662133061], "-19%": [3.653423280611308, 0.2452593595849466], "+27%": [5.520401764552214, 0.3701165789395351], "-18%": [3.6976166490916462, 0.24984245926180285], "-24%": [3.4541512785836397, 0.2334052486446049]}}