{"FESTIVAL": {"-30%": [3.600463397231538, 0.24378556689515415], "-28%": [3.6908009159580972, 0.24380212060435894], "+9%": [5.412662361035222, 0.3721805517546205], "-3%": [4.855964043540014, 0.33654280313167084], "-1%": [4.951335765392505, 0.3383953700167629], "+7%": [5.318536882191852, 0.357731850407624], "+28%": [6.293551062107106, 0.43876833356728356], "-7%": [4.6687777080597055, 0.31388348622522433], "-14%": [4.346103156676568, 0.29284908555946526], "-5%": [4.758461829061301, 0.3273141860953137], "-10%": [4.531418732350435, 0.3102771219660173], "+27%": [6.246364091365432, 0.4332446028551885], "+18%": [5.833799155067145, 0.4045876681912951], "-26%": [3.784499828123607, 0.2517506393324592], "-2%": [4.897677357182749, 0.32920244299618373], "-17%": [4.206666308840995, 0.2840821886196387], "-20%": [4.062243092193898, 0.27457597145429236], "+19%": [5.883218734279852, 0.40485535850928306], "+15%": [5.697746110464208, 0.3926638430055471], "+13%": [5.603490600385997, 0.3886549491499678], "+23%": [6.05941512313084, 0.42543849471426476], "-27%": [3.7373866769703357, 0.2519424588058824], "+3%": [5.135133857867821, 0.3510760143119301], "+8%": [5.363730710751969, 0.3682978959983744], "+25%": [6.156671215297571, 0.42949450112352366], "+4%": [5.17950160993288, 0.3556263424288017], "+30%": [6.3901940215671225, 0.43392514841502927], "-21%": [4.017512394780593, 0.2689625308411511], "-4%": [4.806304934116908, 0.3257570233342403], "+24%": [6.108324424137322, 0.42270063461204654], "+20%": [5.927232057878438, 0.40843871305794255], "+11%": [5.507245782400161, 0.3770998978746821], "-13%": [4.396402349627147, 0.2940828349631299], "+5%": [5.225827729387781, 0.3595388141455503], "+16%": [5.736577385662491, 0.3942221513223859], "-19%": [4.1104850751378885, 0.2802119968540295], "-24%": [3.8747199553536205, 0.25895358298856586], "-16%": [4.249351378841963, 0.2876410265998053], "-6%": [4.715495090416711, 0.3232638224521945], "+29%": [6.3487526343302445, 0.43285614819185286], "-15%": [4.299966434198566, 0.2857383004252696], "-11%": [4.4848963216270885, 0.30686626240419795], "+14%": [5.644376879510288, 0.38634986403325844], "+26%": [6.201252090430269, 0.4339630607751621], "-12%": [4.4381741991593175, 0.2942279514361485], "+10%": [5.459735259189426, 0.376901423555651], "-9%": [4.578401734016336, 0.3067619982495322], "+21%": [5.973010072141838, 0.41186948465196066], "+22%": [6.015731121060667, 0.4189089324420285], "-29%": [3.6428502530049736, 0.24100013878334411], "+6%": [5.2760217255431625, 0.36124328980665815], "-25%": [3.827791475514429, 0.25493649162280724], "+12%": [5.558048746800336, 0.3793936791986504], "-22%": [3.974538832903593, 0.26612548776244865], "+0%": [4.989379774444922, 0.34120560298276165], "-18%": [4.15932965174957, 0.2837181499156422], "+2%": [5.088400879312475, 0.35466452391628006], "+1%": [5.0409589163006165, 0.3439672054793641], "+17%": [5.7874451057332825, 0.4011249507970893], "-8%": [4.6222162948607295, 0.3090157464347974], "-23%": [3.9249275290988965, 0.2635275046691506]}}