{"FESTIVAL": {"+16%": [5.97846318546807, 0.431308709468984], "+26%": [6.450277398705671, 0.4743993475966004], "-20%": [4.205279718841214, 0.30146971660709593], "-25%": [3.9608624058209925, 0.28707340532879255], "-14%": [4.5002817949798395, 0.32631266909136125], "+28%": [6.541984906134416, 0.48613287706431896], "-11%": [4.6490911286922145, 0.33642936709170795], "-1%": [5.141543992810256, 0.38070198782805553], "+12%": [5.772460525006437, 0.4150135351312179], "-23%": [4.060280896665504, 0.2924304439661457], "+1%": [5.241267707100646, 0.38104647733940006], "-5%": [4.946371899674571, 0.3568085058720595], "-29%": [3.7599358710843003, 0.27001933128015043], "+5%": [5.433793545460705, 0.3913572190061413], "-4%": [4.992935534472499, 0.3566813790644855], "+4%": [5.385588961603355, 0.39511880706992714], "-6%": [4.8974335074299855, 0.35372616046160527], "-17%": [4.353969469927659, 0.3136026032705725], "-3%": [5.045859455683077, 0.3704327725703226], "+0%": [5.189761512815171, 0.37841489603257944], "+21%": [6.2117337196242515, 0.4582683556695921], "+27%": [6.485430922832226, 0.47352372710493207], "-28%": [3.809119432131959, 0.2701217840493855], "+15%": [5.9235245175297395, 0.4251856613588929], "-19%": [4.255309461812082, 0.3055366306442348], "+17%": [6.0199360047574775, 0.4386014807477804], "+25%": [6.402988688043713, 0.4668342275480387], "+18%": [6.069410307376159, 0.44281022031186495], "+24%": [6.357376784225056, 0.47066751131892537], "-30%": [3.7197096094133895, 0.2676819408541551], "-18%": [4.301785960493427, 0.3118794654792211], "+9%": [5.6318755312510795, 0.40864325590278705], "+29%": [6.591413213452695, 0.48292604892882024], "-16%": [4.403683255296247, 0.31843026153433723], "-10%": [4.696516634272109, 0.3396534897109255], "+19%": [6.111928116748636, 0.447187939389643], "-15%": [4.453845969359038, 0.32087804396404374], "-21%": [4.15430585146795, 0.2997399834927562], "+23%": [6.312835556351551, 0.46018923486492763], "-9%": [4.7482505054328055, 0.3467876566315953], "-13%": [4.547918614861652, 0.3267321806853257], "-26%": [3.9118101427054834, 0.2838479950192283], "+11%": [5.725320761786004, 0.41660001937326524], "+14%": [5.8711178569260225, 0.4233042035126495], "-12%": [4.5995505897923525, 0.3317708721723587], "-22%": [4.102953238778651, 0.2976132088738123], "+22%": [6.263189106821968, 0.4605647495665135], "+20%": [6.1695520493519505, 0.45403469021183174], "+13%": [5.827576035247898, 0.42103158631346194], "+7%": [5.530418621686064, 0.40121837175147057], "+6%": [5.479869393907328, 0.3975387398510094], "-8%": [4.795889952890621, 0.3420558208425762], "-7%": [4.846815264256271, 0.34669752461450276], "+3%": [5.333106521440041, 0.38693732801881725], "-24%": [4.009509067175568, 0.2895853728943363], "+2%": [5.289636474311606, 0.3862369911420319], "+10%": [5.678755633136655, 0.411358472667003], "+30%": [6.641880071423861, 0.4934084308806416], "-2%": [5.0937325327625835, 0.37189121996213564], "-27%": [3.856280144159817, 0.27699438958851946], "+8%": [5.583916866779638, 0.4051746414028477]}}