{"FESTIVAL": {"-15%": [4.059023801502654, 0.2780029962547542], "-7%": [4.4122822957791445, 0.30587785329214445], "-8%": [4.3683849876841645, 0.3031718799825833], "-3%": [4.587408320300931, 0.31312571608074335], "-12%": [4.196030268797682, 0.2870732219261094], "-16%": [4.013127880103459, 0.27502369758276396], "+0%": [4.719045238050194, 0.32390979601440584], "+24%": [5.776942782831817, 0.38519906896882405], "-28%": [3.482460326891096, 0.23804108503489052], "+3%": [4.849459463546494, 0.32658405265653606], "+23%": [5.732420764919923, 0.38448136060048926], "-5%": [4.4940075408559155, 0.30670122834024977], "+7%": [5.028770155100593, 0.3391652825324967], "+28%": [5.9571055846168015, 0.3988196158858577], "-23%": [3.7045186272427317, 0.24857928945328822], "-6%": [4.456343553637427, 0.3001162047039634], "-22%": [3.747857683500501, 0.2596169651684312], "+22%": [5.688756255719632, 0.38305907578287846], "+8%": [5.0723047238622705, 0.33885366472775574], "+14%": [5.333870318552795, 0.35965486951665265], "+26%": [5.866024514360653, 0.39570338518014797], "+21%": [5.644609981735116, 0.3837899670436341], "-10%": [4.277666720190959, 0.29345560962436124], "+6%": [4.98706926798833, 0.3351116724924621], "+9%": [5.117574527841608, 0.3452223860702536], "+30%": [6.039974001174227, 0.41053510151419803], "+12%": [5.248534805570609, 0.35826813133393626], "+29%": [5.99596770663414, 0.40141166100270154], "-26%": [3.567414116979323, 0.24518095640423898], "+27%": [5.912508650059482, 0.3977552184735394], "+16%": [5.430117842222573, 0.3704484023233154], "-27%": [3.5246028204120785, 0.24279738579555596], "-19%": [3.880159720106775, 0.2655626016266663], "+11%": [5.202150633318747, 0.3518663703412262], "+1%": [4.76456299538668, 0.3196734387756698], "+25%": [5.821754932599401, 0.3903463471949782], "-24%": [3.658569056186065, 0.2508409769878576], "+4%": [4.89913299360558, 0.33219626715810185], "+18%": [5.519332111668741, 0.3706368427283284], "+13%": [5.290651838244639, 0.35604928096672095], "-14%": [4.1018312828289005, 0.2802102568889825], "+2%": [4.8133181027686485, 0.3213624056049747], "-29%": [3.4328587952621463, 0.2373707111770799], "-13%": [4.14976642636228, 0.28257331029029953], "-17%": [3.972871534698209, 0.2714021366478344], "+5%": [4.945785612924374, 0.33694957598932845], "-21%": [3.791790848305875, 0.26014472069916256], "-25%": [3.612691276786143, 0.24785034504243653], "-2%": [4.630859603733781, 0.31435853962593463], "-18%": [3.9246157598275873, 0.26998650263804386], "-1%": [4.67885092075839, 0.3228983021233367], "+19%": [5.556698141516676, 0.3772345143574946], "-11%": [4.238173235750054, 0.2915183366206636], "+20%": [5.601869456122465, 0.38261845295651004], "+10%": [5.1579441874063665, 0.3547947605302645], "+15%": [5.382841012484313, 0.36156962098877693], "-9%": [4.318682653954603, 0.3013043753768643], "-30%": [3.391398837635793, 0.2334339703128496], "-20%": [3.831699906449513, 0.2608049390110232], "-4%": [4.544718233902408, 0.31332796036904764], "+17%": [5.475929764274208, 0.36677350443030565]}}