{"FESTIVAL": {"-13%": [4.447061299553619, 0.33215326073631346], "+16%": [5.831183419633337, 0.44882573331524506], "-28%": [3.726010667382163, 0.2724175263529687], "-23%": [3.962354152130392, 0.2958959951317517], "+15%": [5.783488074894376, 0.4430487030100309], "+21%": [6.073070030327854, 0.467115692926217], "-16%": [4.295068559669192, 0.3154240399679277], "+14%": [5.731871368208482, 0.44172415337300563], "-2%": [4.968438390705494, 0.37795185459914343], "+17%": [5.879347316057678, 0.44595279212638633], "-15%": [4.34343627555862, 0.3205486153619087], "-30%": [3.6353674827242908, 0.263907044279683], "+12%": [5.638586904003964, 0.429800233326912], "-4%": [4.875484139494519, 0.3731203232986872], "-29%": [3.6868617992110324, 0.26501799885627586], "+26%": [6.2981698461399604, 0.49005074840516094], "-8%": [4.6824335563635575, 0.3547364932874098], "+23%": [6.162375865016241, 0.4689671179141612], "-7%": [4.735921969294993, 0.35863592526520505], "-20%": [4.107270217217782, 0.30121941580220146], "+10%": [5.547866315487014, 0.42115206194968374], "+13%": [5.683924351961865, 0.4407123711706864], "+24%": [6.213816802420183, 0.4776983244627648], "+18%": [5.928808874410396, 0.4589058902577853], "+9%": [5.492738799826826, 0.41482164325750503], "+20%": [6.020047107227712, 0.4641052695775777], "-22%": [4.010964581003742, 0.29729288177444607], "-3%": [4.924035500186877, 0.3756654480867597], "+8%": [5.449073459528117, 0.4123105898223869], "-27%": [3.77562780016031, 0.2787447791790446], "-1%": [5.0185813253019225, 0.3822011449384968], "-26%": [3.8170985081702384, 0.27700007463435666], "+25%": [6.258803261940034, 0.4796603595923862], "-5%": [4.8295141091031, 0.3677024035888131], "+2%": [5.1594952002394, 0.38702724152025064], "+4%": [5.25807115735144, 0.397625815941857], "-6%": [4.777498236631072, 0.3594748500347027], "+5%": [5.307426335200214, 0.4002190871403634], "+3%": [5.210202276609103, 0.39093717370640746], "+11%": [5.586993598476521, 0.42324862437493727], "+19%": [5.972111850250006, 0.469595998140061], "-25%": [3.8656626956659594, 0.28558236414546284], "+1%": [5.111020369516173, 0.3841969662594379], "-14%": [4.395075987165699, 0.32999779184029193], "-11%": [4.537236363168366, 0.34467959856646235], "-9%": [4.635757090301314, 0.34701541143200554], "+7%": [5.402160594382937, 0.4080080543035327], "-12%": [4.4933153993567005, 0.33989068856285853], "+22%": [6.114068591143723, 0.46930433506000724], "+28%": [6.397002227801599, 0.4904031227114467], "-21%": [4.0562829244488565, 0.2981595634369924], "+0%": [5.06287085812872, 0.3834282901649531], "+29%": [6.443617246630135, 0.49211247020450566], "-17%": [4.250847757274202, 0.3149797933574225], "-10%": [4.588106010117055, 0.3471602628228598], "+6%": [5.352968214333476, 0.40547570804668714], "+30%": [6.4949175035044195, 0.4996951518095182], "-19%": [4.1521021392968205, 0.3024876173632247], "+27%": [6.3505852963285045, 0.4897195251463818], "-18%": [4.202544509085225, 0.3088474205498445], "-24%": [3.9163535866725447, 0.2891005517729419]}}